shipment_id,customer_id,hub,ship_date,package_type,weight_kg,declared_value,method,delivered_on_time,damage_reported
SHP2034,C559,West Hub,2026-07-06,Clothing,4.15,185.65,ground,True,0
SHP2037,C596,West Hub,2026-07-06,Electronics,6.29,43.72,ground,True,0
SHP2046,C574,North Hub,2026-07-07,Fragile,6.17,139.94,express,True,1
SHP2011,C587,West Hub,2026-07-07,Household,4.46,175.45,express,True,0
SHP2024,C538,East Hub,2026-07-08,Household,5.79,107.76,ground,True,0
SHP2003,C547,West Hub,2026-07-08,Clothing,3.23,94.11,ground,True,0
SHP2013,C502,East Hub,2026-07-08,Household,7.9,165.27,ground,True,0
SHP2006,C566,East Hub,2026-07-09,Clothing,0.3,141.95,ground,True,0
SHP2031,C573,East Hub,2026-07-10,Clothing,0.39,29.54,ground,True,0
SHP2026,C523,East Hub,2026-07-10,Fragile,6.52,180.41,express,True,1
SHP2015,C524,North Hub,2026-07-13,Electronics,5.68,51.0,express,True,0
SHP2012,C585,East Hub,2026-07-13,Electronics,5.53,91.23,express,True,0
SHP2027,C573,North Hub,2026-07-14,Fragile,3.07,68.71,ground,True,0
SHP2028,C505,East Hub,2026-07-16,Fragile,5.45,133.2,ground,True,0
SHP2033,C543,East Hub,2026-07-17,Fragile,7.34,57.28,express,True,1
SHP2035,C567,East Hub,2026-07-18,Electronics,6.42,83.74,ground,False,0
SHP2044,C541,East Hub,2026-07-18,Household,7.53,63.21,ground,True,0
SHP2019,C589,West Hub,2026-07-18,Clothing,2.24,208.64,express,True,0
SHP2020,C539,North Hub,2026-07-18,Household,4.01,153.52,ground,True,0
SHP2008,C592,North Hub,2026-07-20,Clothing,3.96,105.63,express,False,0
SHP2029,C561,West Hub,2026-07-23,Fragile,3.36,23.55,express,True,0
SHP2036,C586,West Hub,2026-07-25,Fragile,3.96,36.42,express,False,0
SHP2007,C583,North Hub,2026-07-25,Household,6.54,78.86,express,True,0
SHP2002,C575,North Hub,2026-07-26,Clothing,7.11,28.5,express,True,1
SHP2043,C504,East Hub,2026-07-27,Fragile,2.32,180.79,ground,True,0
SHP2032,C596,East Hub,2026-07-28,Electronics,2.1,68.93,ground,True,0
SHP2000,C527,West Hub,2026-07-28,Electronics,4.41,57.85,express,True,0
SHP2004,C508,West Hub,2026-07-29,Electronics,7.2,159.1,express,False,0
SHP2048,C500,West Hub,2026-07-30,Electronics,0.59,151.39,express,True,0
SHP2047,C516,East Hub,2026-07-30,Fragile,2.29,35.04,express,True,1
SHP2021,C585,West Hub,2026-07-30,Fragile,7.42,207.63,ground,True,0
SHP2018,C585,North Hub,2026-07-30,Clothing,5.89,122.14,express,True,0
SHP2045,C572,West Hub,2026-08-01,Clothing,6.78,203.33,ground,True,1
SHP2030,C594,East Hub,2026-08-01,Household,0.84,52.37,express,True,0
SHP2005,C546,West Hub,2026-08-02,Electronics,4.0,101.88,express,True,0
SHP2009,C562,East Hub,2026-08-02,Fragile,2.34,200.3,ground,True,0
SHP2049,C527,East Hub,2026-08-02,Electronics,4.55,135.63,ground,True,0
SHP2025,C519,North Hub,2026-08-03,Electronics,3.08,141.33,ground,True,0
SHP2010,C547,East Hub,2026-08-03,Clothing,1.38,196.92,express,True,0
SHP2038,C508,East Hub,2026-08-04,Household,7.12,200.8,express,True,0
SHP2014,C565,East Hub,2026-08-06,Household,6.94,129.66,ground,True,0
SHP2022,C503,West Hub,2026-08-08,Household,5.45,205.28,ground,True,0
SHP2039,C598,East Hub,2026-08-09,Fragile,7.85,91.09,express,True,1
SHP2042,C520,North Hub,2026-08-09,Household,3.6,74.71,express,True,0
SHP2041,C590,West Hub,2026-08-11,Household,3.4,75.75,ground,True,
SHP2016,C598,East Hub,2026-08-11,Electronics,4.94,210.75,express,True,
SHP2001,C536,East Hub,2026-08-12,Electronics,6.79,152.88,express,True,
SHP2040,C598,West Hub,2026-08-14,Household,5.42,181.01,express,,
SHP2017,C514,East Hub,2026-08-15,Electronics,1.47,70.55,ground,,
SHP2023,C566,North Hub,2026-08-15,Fragile,2.33,106.69,express,,
